TITLE,PRICE,STOCK AVAILABILTY
The Nameless City (The ...,Â£38.16,In stock
The Murder That Never ...,Â£54.11,In stock
The Most Perfect Thing: ...,Â£42.96,In stock
The Mindfulness and Acceptance ...,Â£23.89,In stock
The Life-Changing Magic of ...,Â£16.77,In stock
The Inefficiency Assassin: Time ...,Â£20.59,In stock
The Gutsy Girl: Escapades ...,Â£37.13,In stock
The Electric Pencil: Drawings ...,Â£56.06,In stock
The Death of Humanity: ...,Â£58.11,In stock
The Bulletproof Diet: Lose ...,Â£49.05,In stock
The Art Forger,Â£40.76,In stock
The Age of Genius: ...,Â£19.73,In stock
The Activist's Tao Te ...,Â£32.24,In stock
Spark Joy: An Illustrated ...,Â£41.83,In stock
Soul Reader,Â£39.58,In stock
Security,Â£39.25,In stock
"Saga, Volume 6 (Saga ...",Â£25.02,In stock
"Saga, Volume 5 (Saga ...",Â£51.04,In stock
Reskilling America: Learning to ...,Â£19.83,In stock
"Rat Queens, Vol. 3: ...",Â£50.40,In stock
